{"stats":{"minecraft:used":{"minecraft:writable_book":1,"minecraft:stone_sword":7,"minecraft:iron_shovel":32,"minecraft:stone_shovel":39,"minecraft:oak_sign":1,"minecraft:spruce_planks":14,"minecraft:cooked_salmon":3,"minecraft:dirt":2,"minecraft:spruce_stairs":1,"minecraft:jungle_slab":1,"minecraft:wooden_axe":2,"minecraft:spruce_boat":1,"minecraft:iron_axe":1,"minecraft:birch_sapling":7,"minecraft:furnace":1,"minecraft:cooked_cod":8,"tombstone:gift":1,"rpgsmw:steel_spear":60,"tombstone:scroll_of_knowledge":1,"minecraft:stone_pickaxe":191,"minecraft:wooden_pickaxe":18,"minecraft:birch_boat":2,"minecraft:mossy_cobblestone":12,"minecraft:sand":29,"minecraft:crafting_table":5,"minecraft:blast_furnace":3,"simplefarming:blackberries":5,"minecraft:black_bed":1,"minecraft:smoker":2,"minecraft:iron_pickaxe":8,"minecraft:stone_slab":1,"minecraft:stone_axe":3,"minecraft:cobblestone":3,"travelersbackpack:standard":1,"minecraft:yellow_bed":1},"minecraft:picked_up":{"minecraft:charcoal":1,"minecraft:coarse_dirt":2,"minecraft:stone_slab":1,"minecraft:cornflower":6,"minecraft:raw_copper":45,"minecraft:cooked_salmon":1,"minecraft:oak_sign":1,"minecraft:beef":17,"simplefarming:blackberry_bush":6,"minecraft:birch_sapling":7,"minecraft:furnace":2,"minecraft:raw_iron":65,"minecraft:stick":11,"minecraft:sandstone":13,"minecraft:torch":1,"minecraft:spruce_stairs":1,"minecraft:carrot":1,"minecraft:arrow":2,"minecraft:rotten_flesh":2,"minecraft:mutton":7,"minecraft:white_wool":4,"minecraft:cobblestone":94,"minecraft:birch_log":75,"minecraft:leather":11,"minecraft:smoker":2,"minecraft:filled_map":1,"minecraft:yellow_bed":1,"minecraft:gunpowder":1,"minecraft:dirt":9,"minecraft:bone":2,"minecraft:wheat_seeds":1,"minecraft:stone_pickaxe":1,"minecraft:iron_ingot":65,"minecraft:sand":85,"minecraft:blast_furnace":2,"minecraft:spruce_log":81,"minecraft:jungle_slab":1,"minecraft:mossy_cobblestone":13,"simplefarming:blackberries":5,"travelersbackpack:standard":1,"minecraft:spruce_boat":1,"bossominium:the_bossdexium":1},"minecraft:broken":{"minecraft:stone_pickaxe":1},"minecraft:mined":{"minecraft:mossy_cobblestone":18,"minecraft:grass_block":1,"minecraft:spruce_leaves":3,"minecraft:sandstone":13,"simplefarming:blackberry_bush":6,"minecraft:black_stained_glass_pane":2,"minecraft:furnace":2,"minecraft:iron_ore":60,"minecraft:stone":81,"minecraft:podzol":2,"minecraft:smoker":2,"minecraft:torch":1,"minecraft:cornflower":5,"minecraft:blast_furnace":2,"minecraft:stone_slab":1,"minecraft:copper_ore":12,"minecraft:cobblestone":16,"minecraft:spruce_stairs":1,"minecraft:coarse_dirt":1,"minecraft:birch_log":11,"minecraft:spruce_log":1,"minecraft:birch_leaves":1,"minecraft:yellow_bed":1,"minecraft:sand":83,"minecraft:dirt":6},"minecraft:custom":{"minecraft:mob_kills":22,"minecraft:interact_with_crafting_table":30,"minecraft:open_barrel":8,"minecraft:leave_game":1,"minecraft:time_since_death":47581,"minecraft:climb_one_cm":972,"minecraft:sprint_one_cm":67036,"minecraft:walk_one_cm":183350,"minecraft:drop":23,"minecraft:play_time":61499,"minecraft:deaths":1,"minecraft:sneak_time":6634,"minecraft:walk_under_water_one_cm":21263,"minecraft:boat_one_cm":307301,"minecraft:jump":692,"minecraft:interact_with_blast_furnace":24,"minecraft:walk_on_water_one_cm":7656,"minecraft:total_world_time":61499,"minecraft:interact_with_furnace":27,"minecraft:sleep_in_bed":1,"minecraft:time_since_rest":1376,"minecraft:damage_taken":990,"minecraft:damage_dealt":3121,"minecraft:swim_one_cm":2995,"minecraft:fly_one_cm":101491,"minecraft:open_chest":26,"minecraft:crouch_one_cm":10900,"tombstone:undead_killed":4,"minecraft:interact_with_smoker":4,"minecraft:fall_one_cm":13868},"minecraft:killed":{"minecraft:horse":5,"minecraft:skeleton":2,"minecraft:creeper":1,"minecraft:sheep":4,"minecraft:zombie":2,"minecraft:cow":8},"minecraft:dropped":{"travelersbackpack:standard":2,"bossominium:the_bossdexium":1,"minecraft:stick":1,"minecraft:dirt":2,"minecraft:torch":1,"minecraft:cornflower":1,"minecraft:wooden_axe":1,"minecraft:cooked_salmon":1,"tombstone:grave_dust":1,"rpgsmw:steel_berserk_armor_boots":1,"minecraft:sand":1,"minecraft:iron_axe":1,"minecraft:iron_pickaxe":1,"minecraft:stone_axe":1,"minecraft:stone_sword":1,"rpgsmw:steel":7,"minecraft:carrot":1,"minecraft:filled_map":2,"minecraft:wooden_pickaxe":1,"minecraft:stone_pickaxe":1},"minecraft:crafted":{"minecraft:smooth_stone":3,"minecraft:stone_shovel":1,"minecraft:birch_boat":2,"rpgsmw:steel_paladin_armour_boots":1,"minecraft:blast_furnace":1,"minecraft:stone":3,"rpgsmw:steelnugget":9,"minecraft:glass":27,"minecraft:iron_axe":2,"minecraft:stone_pickaxe":2,"minecraft:chest":2,"minecraft:spruce_boat":1,"rpgsmw:steel_berserk_armor_boots":1,"rpgsmw:woodenfiber":12,"rpgsmw:steelrainforcedstick":1,"rpgsmw:steel_spear":1,"minecraft:crafting_table":5,"minecraft:spruce_planks":88,"travelersbackpack:backpack_tank":4,"minecraft:wooden_pickaxe":1,"travelersbackpack:standard":2,"rpgsmw:steel":21,"travelersbackpack:black_sleeping_bag":2,"minecraft:birch_planks":44,"minecraft:stone_axe":1,"minecraft:air":0,"minecraft:charcoal":54,"minecraft:stick":52,"minecraft:iron_ingot":44,"minecraft:iron_pickaxe":2,"minecraft:wooden_axe":1,"minecraft:stone_sword":1,"minecraft:iron_shovel":1,"minecraft:black_bed":1},"minecraft:killed_by":{"minecraft:creeper":1}},"DataVersion":3337}