{"stats":{"minecraft:used":{"minecraft:stone_sword":4,"minecraft:birch_planks":13,"minecraft:stone_pickaxe":131,"minecraft:chest":1,"minecraft:wooden_pickaxe":3,"minecraft:sandstone":11,"minecraft:rotten_flesh":2,"minecraft:torch":4,"minecraft:mossy_cobblestone":2,"minecraft:dirt":6,"minecraft:sand":5,"minecraft:crafting_table":3,"minecraft:carrot":4,"simplefarming:blackberries":1,"rpgsmw:steel_gauntlet":26,"minecraft:wooden_axe":3,"minecraft:bread":1,"minecraft:iron_axe":3,"minecraft:suspicious_stew":1,"minecraft:iron_pickaxe":33,"minecraft:barrel":1,"minecraft:stone_axe":13,"minecraft:cobblestone":4,"minecraft:furnace":4,"minecraft:cooked_cod":1,"rpgsmw:steel_berserk_armor_boots":1},"minecraft:picked_up":{"minecraft:wooden_axe":1,"minecraft:birch_log":79,"minecraft:feather":5,"rpgsmw:steel":7,"minecraft:chicken":8,"minecraft:stone_slab":1,"minecraft:wooden_pickaxe":1,"blue_skies:maple_slab":1,"minecraft:filled_map":1,"minecraft:dirt":6,"minecraft:raw_copper":47,"minecraft:iron_axe":1,"minecraft:beef":3,"minecraft:stone_pickaxe":1,"minecraft:iron_pickaxe":2,"minecraft:birch_sapling":13,"minecraft:stick":4,"minecraft:raw_iron":18,"minecraft:sandstone":15,"minecraft:dandelion":4,"minecraft:porkchop":13,"minecraft:sand":16,"minecraft:barrel":1,"rpgsmw:steel_berserk_armor_boots":1,"minecraft:mossy_cobblestone":24,"simplefarming:blackberries":1,"travelersbackpack:standard":1,"minecraft:hay_block":6,"minecraft:black_wool":3,"minecraft:cobblestone":81},"minecraft:broken":{"minecraft:stone_pickaxe":1},"minecraft:mined":{"minecraft:mossy_cobblestone":28,"minecraft:jungle_slab":1,"minecraft:grass_block":1,"minecraft:mushroom_stem":1,"minecraft:stone_slab":1,"minecraft:brown_mushroom_block":3,"minecraft:copper_ore":16,"minecraft:cobblestone":10,"minecraft:sandstone":15,"minecraft:birch_sapling":2,"minecraft:large_fern":1,"minecraft:hay_block":6,"minecraft:coarse_dirt":1,"minecraft:barrel":1,"blue_skies:maple_slab":1,"minecraft:birch_log":3,"minecraft:iron_ore":22,"minecraft:birch_leaves":2,"minecraft:grass":2,"minecraft:sand":15,"minecraft:dirt":6,"minecraft:stone":65},"minecraft:custom":{"minecraft:interact_with_furnace":15,"minecraft:mob_kills":18,"minecraft:interact_with_crafting_table":15,"minecraft:open_barrel":3,"minecraft:leave_game":2,"minecraft:time_since_death":47216,"minecraft:sleep_in_bed":1,"minecraft:climb_one_cm":1035,"minecraft:time_since_rest":1334,"minecraft:sprint_one_cm":44033,"minecraft:damage_taken":550,"minecraft:walk_one_cm":87416,"minecraft:drop":8,"minecraft:damage_dealt":1323,"minecraft:swim_one_cm":6366,"minecraft:fly_one_cm":39177,"minecraft:open_chest":10,"minecraft:crouch_one_cm":35,"minecraft:play_time":61103,"minecraft:deaths":1,"minecraft:sneak_time":680,"minecraft:walk_under_water_one_cm":8492,"minecraft:boat_one_cm":354492,"minecraft:jump":376,"minecraft:interact_with_blast_furnace":7,"minecraft:walk_on_water_one_cm":6377,"minecraft:total_world_time":61103,"minecraft:interact_with_smoker":1,"minecraft:fall_one_cm":8478},"minecraft:killed":{"minecraft:pig":6,"alexsmobs:raccoon":1,"minecraft:chicken":8,"alexsmobs:crow":1,"minecraft:cow":2},"minecraft:crafted":{"minecraft:crafting_table":3,"minecraft:wooden_pickaxe":1,"minecraft:iron_sword":1,"minecraft:furnace":4,"minecraft:birch_planks":64,"minecraft:stone_axe":1,"rpgsmw:steel_gauntlet":1,"minecraft:charcoal":10,"minecraft:shield":1,"minecraft:stick":20,"minecraft:stone_pickaxe":1,"minecraft:iron_ingot":39,"minecraft:iron_pickaxe":1,"minecraft:wooden_axe":1,"minecraft:stone_sword":1,"minecraft:chest":1,"minecraft:iron_shovel":1,"rpgsmw:woodenfiber":1,"minecraft:torch":8,"rpgsmw:steelrainforcedstick":1},"minecraft:dropped":{"minecraft:iron_ingot":65,"alexsmobs:animal_dictionary":1,"minecraft:carrot":1,"minecraft:filled_map":1,"minecraft:stone_pickaxe":1,"minecraft:iron_pickaxe":1,"minecraft:birch_log":1},"minecraft:killed_by":{"minecraft:skeleton":1}},"DataVersion":3337}